-- MySQL dump 10.13  Distrib 8.0.30, for Win64 (x86_64)
--
-- Host: 127.0.0.1    Database: bd_app
-- ------------------------------------------------------
-- Server version	8.0.30

/*!40101 SET @OLD_CHARACTER_SET_CLIENT=@@CHARACTER_SET_CLIENT */;
/*!40101 SET @OLD_CHARACTER_SET_RESULTS=@@CHARACTER_SET_RESULTS */;
/*!40101 SET @OLD_COLLATION_CONNECTION=@@COLLATION_CONNECTION */;
/*!50503 SET NAMES utf8 */;
/*!40103 SET @OLD_TIME_ZONE=@@TIME_ZONE */;
/*!40103 SET TIME_ZONE='+00:00' */;
/*!40014 SET @OLD_UNIQUE_CHECKS=@@UNIQUE_CHECKS, UNIQUE_CHECKS=0 */;
/*!40014 SET @OLD_FOREIGN_KEY_CHECKS=@@FOREIGN_KEY_CHECKS, FOREIGN_KEY_CHECKS=0 */;
/*!40101 SET @OLD_SQL_MODE=@@SQL_MODE, SQL_MODE='NO_AUTO_VALUE_ON_ZERO' */;
/*!40111 SET @OLD_SQL_NOTES=@@SQL_NOTES, SQL_NOTES=0 */;

--
-- Table structure for table `carrito` 
--

DROP TABLE IF EXISTS `carrito`;
/*!40101 SET @saved_cs_client     = @@character_set_client */;
/*!50503 SET character_set_client = utf8mb4 */;
CREATE TABLE `carrito` (
  `idCarrito` int NOT NULL AUTO_INCREMENT,
  `idUsuario` int NOT NULL,
  `fechaCreacion` timestamp NULL DEFAULT CURRENT_TIMESTAMP,
  PRIMARY KEY (`idCarrito`),
  KEY `idUsuario` (`idUsuario`),
  CONSTRAINT `carrito_ibfk_1` FOREIGN KEY (`idUsuario`) REFERENCES `usuarios` (`idUsuario`)
) ENGINE=InnoDB AUTO_INCREMENT=9 DEFAULT CHARSET=utf8mb4 COLLATE=utf8mb4_0900_ai_ci;
/*!40101 SET character_set_client = @saved_cs_client */;

--
-- Dumping data for table `carrito`
--

LOCK TABLES `carrito` WRITE;
/*!40000 ALTER TABLE `carrito` DISABLE KEYS */;
/*!40000 ALTER TABLE `carrito` ENABLE KEYS */;
UNLOCK TABLES;

--
-- Table structure for table `categorias`
--

DROP TABLE IF EXISTS `categorias`;
/*!40101 SET @saved_cs_client     = @@character_set_client */;
/*!50503 SET character_set_client = utf8mb4 */;
CREATE TABLE `categorias` (
  `idCategoria` int NOT NULL AUTO_INCREMENT,
  `nombre` varchar(100) NOT NULL,
  `descripcion` text,
  PRIMARY KEY (`idCategoria`)
) ENGINE=InnoDB DEFAULT CHARSET=utf8mb4 COLLATE=utf8mb4_0900_ai_ci;
/*!40101 SET character_set_client = @saved_cs_client */;

--
-- Dumping data for table `categorias`
--

LOCK TABLES `categorias` WRITE;
/*!40000 ALTER TABLE `categorias` DISABLE KEYS */;
/*!40000 ALTER TABLE `categorias` ENABLE KEYS */;
UNLOCK TABLES;

--
-- Table structure for table `detalle_carrito`
--

DROP TABLE IF EXISTS `detalle_carrito`;
/*!40101 SET @saved_cs_client     = @@character_set_client */;
/*!50503 SET character_set_client = utf8mb4 */;
CREATE TABLE `detalle_carrito` (
  `idDetalle` int NOT NULL AUTO_INCREMENT,
  `idCarrito` int NOT NULL,
  `idProducto` int NOT NULL,
  `cantidad` int DEFAULT '1',
  PRIMARY KEY (`idDetalle`),
  KEY `idCarrito` (`idCarrito`),
  KEY `idProducto` (`idProducto`),
  CONSTRAINT `detalle_carrito_ibfk_1` FOREIGN KEY (`idCarrito`) REFERENCES `carrito` (`idCarrito`),
  CONSTRAINT `detalle_carrito_ibfk_2` FOREIGN KEY (`idProducto`) REFERENCES `productos` (`idProducto`)
) ENGINE=InnoDB AUTO_INCREMENT=34 DEFAULT CHARSET=utf8mb4 COLLATE=utf8mb4_0900_ai_ci;
/*!40101 SET character_set_client = @saved_cs_client */;

--
-- Dumping data for table `detalle_carrito`
--

LOCK TABLES `detalle_carrito` WRITE;
/*!40000 ALTER TABLE `detalle_carrito` DISABLE KEYS */;
/*!40000 ALTER TABLE `detalle_carrito` ENABLE KEYS */;
UNLOCK TABLES;

--
-- Table structure for table `detalle_orden`
--

DROP TABLE IF EXISTS `detalle_orden`;
/*!40101 SET @saved_cs_client     = @@character_set_client */;
/*!50503 SET character_set_client = utf8mb4 */;
CREATE TABLE `detalle_orden` (
  `idDetalle` int NOT NULL AUTO_INCREMENT,
  `idOrden` int NOT NULL,
  `idProducto` int NOT NULL,
  `cantidad` int NOT NULL,
  `precio_unitario` decimal(10,2) DEFAULT NULL,
  PRIMARY KEY (`idDetalle`),
  KEY `idOrden` (`idOrden`),
  KEY `idProducto` (`idProducto`),
  CONSTRAINT `detalle_orden_ibfk_1` FOREIGN KEY (`idOrden`) REFERENCES `ordenes` (`idOrden`),
  CONSTRAINT `detalle_orden_ibfk_2` FOREIGN KEY (`idProducto`) REFERENCES `productos` (`idProducto`)
) ENGINE=InnoDB DEFAULT CHARSET=utf8mb4 COLLATE=utf8mb4_0900_ai_ci;
/*!40101 SET character_set_client = @saved_cs_client */;

--
-- Dumping data for table `detalle_orden`
--

LOCK TABLES `detalle_orden` WRITE;
/*!40000 ALTER TABLE `detalle_orden` DISABLE KEYS */;
/*!40000 ALTER TABLE `detalle_orden` ENABLE KEYS */;
UNLOCK TABLES;

--
-- Table structure for table `metodo_pago`
--

DROP TABLE IF EXISTS `metodo_pago`;
/*!40101 SET @saved_cs_client     = @@character_set_client */;
/*!50503 SET character_set_client = utf8mb4 */;
CREATE TABLE `metodo_pago` (
  `idMetodo` int NOT NULL AUTO_INCREMENT,
  `nombre` varchar(50) NOT NULL,
  `descripcion` text,
  PRIMARY KEY (`idMetodo`)
) ENGINE=InnoDB DEFAULT CHARSET=utf8mb4 COLLATE=utf8mb4_0900_ai_ci;
/*!40101 SET character_set_client = @saved_cs_client */;

--
-- Dumping data for table `metodo_pago`
--

LOCK TABLES `metodo_pago` WRITE;
/*!40000 ALTER TABLE `metodo_pago` DISABLE KEYS */;
/*!40000 ALTER TABLE `metodo_pago` ENABLE KEYS */;
UNLOCK TABLES;

--
-- Table structure for table `ordenes`
--

DROP TABLE IF EXISTS `ordenes`;
/*!40101 SET @saved_cs_client     = @@character_set_client */;
/*!50503 SET character_set_client = utf8mb4 */;
CREATE TABLE `ordenes` (
  `idOrden` int NOT NULL AUTO_INCREMENT,
  `idUsuario` int NOT NULL,
  `fecha` datetime DEFAULT CURRENT_TIMESTAMP,
  `estado` varchar(50) DEFAULT 'Pendiente',
  `total` decimal(10,2) NOT NULL,
  `metodo_pago` varchar(100) DEFAULT NULL,
  `referencia_pago` varchar(100) DEFAULT NULL,
  `fecha_pago` datetime DEFAULT NULL,
  `idMetodo` int DEFAULT NULL,
  PRIMARY KEY (`idOrden`),
  KEY `idUsuario` (`idUsuario`),
  KEY `idMetodo` (`idMetodo`),
  CONSTRAINT `ordenes_ibfk_1` FOREIGN KEY (`idUsuario`) REFERENCES `usuarios` (`idUsuario`),
  CONSTRAINT `ordenes_ibfk_2` FOREIGN KEY (`idMetodo`) REFERENCES `metodo_pago` (`idMetodo`)
) ENGINE=InnoDB DEFAULT CHARSET=utf8mb4 COLLATE=utf8mb4_0900_ai_ci;
/*!40101 SET character_set_client = @saved_cs_client */;

--
-- Dumping data for table `ordenes`
--

LOCK TABLES `ordenes` WRITE;
/*!40000 ALTER TABLE `ordenes` DISABLE KEYS */;
/*!40000 ALTER TABLE `ordenes` ENABLE KEYS */;
UNLOCK TABLES;

--
-- Table structure for table `productos`
--

DROP TABLE IF EXISTS `productos`;
/*!40101 SET @saved_cs_client     = @@character_set_client */;
/*!50503 SET character_set_client = utf8mb4 */;
CREATE TABLE `productos` (
  `idProducto` int NOT NULL AUTO_INCREMENT,
  `nombre_producto` varchar(100) NOT NULL,
  `descripcion` text,
  `precio` int NOT NULL,
  `cantidad` int DEFAULT '0',
  `imagen` varchar(255) DEFAULT NULL,
  `idCategoria` int DEFAULT NULL,
  PRIMARY KEY (`idProducto`),
  KEY `idCategoria` (`idCategoria`),
  CONSTRAINT `productos_ibfk_1` FOREIGN KEY (`idCategoria`) REFERENCES `categorias` (`idCategoria`)
) ENGINE=InnoDB AUTO_INCREMENT=21 DEFAULT CHARSET=utf8mb4 COLLATE=utf8mb4_0900_ai_ci;
/*!40101 SET character_set_client = @saved_cs_client */;

--
-- Dumping data for table `productos`
--

LOCK TABLES `productos` WRITE;
/*!40000 ALTER TABLE `productos` DISABLE KEYS */;
INSERT INTO `productos` VALUES (4,'McDonald\'s','Mccombo Mediano Big Mac 2 Hamburguesas de carne de res con gaseosa, papas fritas y salsa especial de McDonald\'s',30000,95,'mac_combo.jpg',NULL),(5,'KFC','Combo 4 Presas Disfruta de un delicioso combo con: 4 Presas de pollo + 2 papas pequeñas + coca cola + salsa especial ',35000,98,'kfc_4_presas.jpg',NULL),(6,'Qbano','Combo Sándwich Personal Pollo Bbq\r\n1 Sándwich personal 21cm pollo bbq\r\n+ 1 papas pequeñas + coca cola',23000,200,'qbano_sandwich.jpg',NULL),(7,'Frisby','Pollo Frisby Francesa 8 Presas apanadas y 4 porciones de papas a la francesa + coca cola + salsa especial',70000,50,'frisby_8_presas.jpg',NULL),(9,'Salchipapa','Salchipapa\r\nSalchipapa Especial',70000,200,'salchipapa.jpg',NULL),(13,'Batido de frutas','Batido de frutas\r\nBatido de frutas',20000,100,'batido.jpg',NULL),(14,'Juan Valdez','Cappuccino Tradicional. Café espresso con leche vaporizada.',20000,100,'capuchino.jpg',NULL),(16,'Hamburgueza','Hamburgueza\r\nBig Hamburguer',30000,70,'hamburguer.jpg',NULL),(17,'Pizza','Pizza familiar',70000,97,'pizza.jpg',NULL),(18,'Pollo Broaster','Pollo Broaster Familiar',70000,100,'pollo-broaster1.jpg',NULL),(19,'Hot Dog','Hot Dog Especial',30000,700,'hotdog.jpg',NULL),(20,'Carne Asada','Carne Asada Especial',100000,70,'carne1.jpg',NULL);
/*!40000 ALTER TABLE `productos` ENABLE KEYS */;
UNLOCK TABLES;

--
-- Table structure for table `registro_login`
--

DROP TABLE IF EXISTS `registro_login`;
/*!40101 SET @saved_cs_client     = @@character_set_client */;
/*!50503 SET character_set_client = utf8mb4 */;
CREATE TABLE `registro_login` (
  `id` int NOT NULL AUTO_INCREMENT,
  `idUsuario` int NOT NULL,
  `fecha` timestamp NULL DEFAULT CURRENT_TIMESTAMP,
  PRIMARY KEY (`id`),
  KEY `idUsuario` (`idUsuario`),
  CONSTRAINT `registro_login_ibfk_1` FOREIGN KEY (`idUsuario`) REFERENCES `usuarios` (`idUsuario`) ON DELETE CASCADE
) ENGINE=InnoDB DEFAULT CHARSET=utf8mb4 COLLATE=utf8mb4_0900_ai_ci;
/*!40101 SET character_set_client = @saved_cs_client */;

--
-- Dumping data for table `registro_login`
--

LOCK TABLES `registro_login` WRITE;
/*!40000 ALTER TABLE `registro_login` DISABLE KEYS */;
/*!40000 ALTER TABLE `registro_login` ENABLE KEYS */;
UNLOCK TABLES;

--
-- Table structure for table `roles`
--

DROP TABLE IF EXISTS `roles`;
/*!40101 SET @saved_cs_client     = @@character_set_client */;
/*!50503 SET character_set_client = utf8mb4 */;
CREATE TABLE `roles` (
  `idRol` int NOT NULL AUTO_INCREMENT,
  `nombreRol` varchar(50) NOT NULL,
  PRIMARY KEY (`idRol`)
) ENGINE=InnoDB AUTO_INCREMENT=3 DEFAULT CHARSET=utf8mb4 COLLATE=utf8mb4_0900_ai_ci;
/*!40101 SET character_set_client = @saved_cs_client */;

--
-- Dumping data for table `roles`
--

LOCK TABLES `roles` WRITE;
/*!40000 ALTER TABLE `roles` DISABLE KEYS */;
INSERT INTO `roles` VALUES (1,'Admin'),(2,'Usuario');
/*!40000 ALTER TABLE `roles` ENABLE KEYS */;
UNLOCK TABLES;

--
-- Table structure for table `usuario_rol`
--

DROP TABLE IF EXISTS `usuario_rol`;
/*!40101 SET @saved_cs_client     = @@character_set_client */;
/*!50503 SET character_set_client = utf8mb4 */;
CREATE TABLE `usuario_rol` (
  `idUsuario` int NOT NULL,
  `idRol` int NOT NULL,
  PRIMARY KEY (`idUsuario`,`idRol`),
  KEY `idRol` (`idRol`),
  CONSTRAINT `usuario_rol_ibfk_1` FOREIGN KEY (`idUsuario`) REFERENCES `usuarios` (`idUsuario`) ON DELETE CASCADE,
  CONSTRAINT `usuario_rol_ibfk_2` FOREIGN KEY (`idRol`) REFERENCES `roles` (`idRol`) ON DELETE CASCADE
) ENGINE=InnoDB DEFAULT CHARSET=utf8mb4 COLLATE=utf8mb4_0900_ai_ci;
/*!40101 SET character_set_client = @saved_cs_client */;

--
-- Dumping data for table `usuario_rol`
--

LOCK TABLES `usuario_rol` WRITE;
/*!40000 ALTER TABLE `usuario_rol` DISABLE KEYS */;
INSERT INTO `usuario_rol` VALUES (3,1),(10,1),(5,2),(7,2),(14,2);
/*!40000 ALTER TABLE `usuario_rol` ENABLE KEYS */;
UNLOCK TABLES;

--
-- Table structure for table `usuarios`
--

DROP TABLE IF EXISTS `usuarios`;
/*!40101 SET @saved_cs_client     = @@character_set_client */;
/*!50503 SET character_set_client = utf8mb4 */;
CREATE TABLE `usuarios` (
  `idUsuario` int NOT NULL AUTO_INCREMENT,
  `nombre` varchar(50) DEFAULT NULL,
  `apellido` varchar(50) DEFAULT NULL,
  `username` varchar(50) NOT NULL,
  `password` varchar(255) NOT NULL,
  `reset_token` varchar(255) DEFAULT NULL,
  `token_expiry` datetime DEFAULT NULL,
  PRIMARY KEY (`idUsuario`),
  UNIQUE KEY `username` (`username`)
) ENGINE=InnoDB AUTO_INCREMENT=17 DEFAULT CHARSET=utf8mb4 COLLATE=utf8mb4_0900_ai_ci;
/*!40101 SET character_set_client = @saved_cs_client */;

--
-- Dumping data for table `usuarios`
--

LOCK TABLES `usuarios` WRITE;
/*!40000 ALTER TABLE `usuarios` DISABLE KEYS */;
INSERT INTO `usuarios` VALUES (3,'Matilda','Polo','matilda@polo.com','scrypt:32768:8:1$GD7TVUdIU4fEfIs3$28d6c4a606626d350209df1ca5b9c7a0a6096b3e511555cd006c46a2a6705f54145ecd1832477f2606a5b8fd1676e97222b6137e8d00f245501ef5250a7bdde1',NULL,NULL),(5,'Maria','Cortez','maria@cortez.com','scrypt:32768:8:1$NmCTzHDOQL16CUic$34cee1c916c2ee74ab967392e17fc42c9a5758eef0a22bcc2d337eb789fca7953e69243991699df03e06db3d7c7cd7afc5ac5dd3cce518a9b515bea8cbb04d13',NULL,NULL),(7,'Victoria','Marquez','victoria@gmail.com','scrypt:32768:8:1$UjBXAT1nFZKRHj68$74a853f5a7de9d37208bd0e0db06266877ca89890417d7ef558f3ef5d5bced54e7c4801c0725da2b387f3e056e8d0a990bda76edaf957f3e19d813394f91f841',NULL,NULL),(10,'Nicol','Suarez','nicol@outlook.com','scrypt:32768:8:1$OiueZHrIBPCOGDWw$5175cd3e78c19ba30e273b2f00aeef833c4ba0fac09ee1b6fbb2ae6dfe16b981ba988abafd0c853da680fb38df0e69af1d5edbdf0125efb28cf776c6cca23b09',NULL,NULL),(14,'Mariana','Pajon','mariana@pajon.co','scrypt:32768:8:1$gqNVHWI6WelnfnB6$bac7e144f769cec9a7492f6a469464cdb2fb9a85375f31a6463a32b674736deb233bc799cbe5d921a6167f15d334a4b26b16a1e456024321f56b166362454506',NULL,NULL);
/*!40000 ALTER TABLE `usuarios` ENABLE KEYS */;
UNLOCK TABLES;
/*!40103 SET TIME_ZONE=@OLD_TIME_ZONE */;

/*!40101 SET SQL_MODE=@OLD_SQL_MODE */;
/*!40014 SET FOREIGN_KEY_CHECKS=@OLD_FOREIGN_KEY_CHECKS */;
/*!40014 SET UNIQUE_CHECKS=@OLD_UNIQUE_CHECKS */;
/*!40101 SET CHARACTER_SET_CLIENT=@OLD_CHARACTER_SET_CLIENT */;
/*!40101 SET CHARACTER_SET_RESULTS=@OLD_CHARACTER_SET_RESULTS */;
/*!40101 SET COLLATION_CONNECTION=@OLD_COLLATION_CONNECTION */;
/*!40111 SET SQL_NOTES=@OLD_SQL_NOTES */;

-- Dump completed on 2025-11-11 13:53:41
